"ID";"Perioden";"TotaalAanbod_1";"WinningUitDeBodem_2";"ProductieUitAndereBronnen_3";"InvoerVanGasvormigAardgasTotaal_4";"InvoerViaNoorwegen_5";"InvoerViaDuitsland_6";"InvoerViaBelgie_7";"InvoerViaVerenigdKoninkrijk_8";"InvoerViaDenemarken_9";"InvoerVloeibaarAardgasLNGTotaal_10";"InvoerUitVerenigdeStaten_11";"InvoerUitNoorwegen_12";"InvoerUitRusland_13";"InvoerUitAfrika_14";"InvoerUitAzie_15";"InvoerUitAmerikaExclDeVS_16";"InvoerUitOverigOnbekend_17";"UitvoerVanGasvormigAardgasTotaal_18";"UitvoerNaarDuitsland_19";"UitvoerNaarBelgie_20";"UitvoerNaarVerenigdKoninkrijk_21";"UitvoerVanVloeibaarAardgasLNG_22";"Bunkering_23";"Voorraadmutatie_24";"TotaalVerbruik_25";"Energiebedrijven_26";"VerbruikBijWinningEnAardgastransport_27";"Eindvoorraad_28";"EindvoorraadGasvormigAardgas_29";"EindvoorraadVloeibaarAardgasLNG_30";"Fakkels_31";"OpslagcapaciteitTotaal_32";"OpslagcapaciteitGasvormig_33";"OpslagcapaciteitVloeibaar_34"
"0";"2015MM01";"    4981";"    6801";"       8";"    2306";"    1138";"     823";"     123";"     189";"      32";"      96";"       .";"       .";"       .";"       .";"       .";"       .";"       .";"    6551";"    3323";"    2271";"     957";"      10";"       0";"    2332";"    4981";"     818";"      85";"       .";"       .";"       .";"       5";"   15860";"   15444";"     416"
"1";"2015MM02";"    4507";"    4638";"      11";"    2745";"    1344";"    1033";"     121";"     201";"      45";"     282";"       .";"       .";"       .";"       .";"       .";"       .";"       .";"    6234";"    3440";"    2072";"     723";"     195";"       0";"    3260";"    4507";"     884";"      78";"       .";"       .";"       .";"       3";"   15860";"   15444";"     416"
"2";"2015MM03";"    4103";"    4166";"      12";"    3097";"    1625";"    1011";"     201";"     243";"      17";"     275";"       .";"       .";"       .";"       .";"       .";"       .";"       .";"    4826";"    2528";"    1665";"     633";"     104";"       0";"    1484";"    4103";"     738";"      81";"       .";"       .";"       .";"       4";"   15860";"   15444";"     416"
"3";"2015KW01";"   13591";"   15605";"      31";"    8148";"    4108";"    2867";"     446";"     634";"      94";"     652";"       .";"       .";"       .";"       .";"       .";"       .";"       .";"   17611";"    9291";"    6008";"    2313";"     310";"       0";"    7077";"   13591";"    2440";"     244";"       .";"       .";"       .";"      13";"   15860";"   15444";"     416"
"4";"2015MM04";"    2925";"    3960";"      11";"    3215";"    1441";"    1253";"     342";"     135";"      44";"     309";"       .";"       .";"       .";"       .";"       .";"       .";"       .";"    3505";"    2284";"    1165";"      56";"     109";"       0";"    -956";"    2925";"     536";"      71";"       .";"       .";"       .";"       3";"   15860";"   15444";"     416"
"5";"2015MM05";"    2352";"    4555";"      10";"    3248";"    1611";"    1121";"     245";"     238";"      33";"      92";"       .";"       .";"       .";"       .";"       .";"       .";"       .";"    3119";"    2159";"     928";"      32";"     126";"       0";"   -2308";"    2352";"     445";"      78";"       .";"       .";"       .";"       4";"   15860";"   15444";"     416"
"6";"2015MM06";"    2076";"    4241";"       9";"    2743";"    1514";"     909";"     152";"     121";"      47";"     197";"       .";"       .";"       .";"       .";"       .";"       .";"       .";"    3273";"    1988";"    1023";"     262";"      60";"       0";"   -1781";"    2076";"     477";"      61";"       .";"       .";"       .";"       5";"   15860";"   15444";"     416"
"7";"2015KW02";"    7354";"   12756";"      31";"    9206";"    4566";"    3283";"     739";"     493";"     124";"     598";"       .";"       .";"       .";"       .";"       .";"       .";"       .";"    9897";"    6431";"    3116";"     350";"     294";"       0";"   -5045";"    7354";"    1458";"     210";"       .";"       .";"       .";"      13";"   15860";"   15444";"     416"
"8";"2015MM07";"    2068";"    4425";"      11";"    3314";"    1900";"     857";"     336";"     177";"      45";"      97";"       .";"       .";"       .";"       .";"       .";"       .";"       .";"    3274";"    2244";"    1017";"      14";"     203";"       0";"   -2301";"    2068";"     601";"      67";"       .";"       .";"       .";"       4";"   15860";"   15444";"     416"
"9";"2015MM08";"    1992";"    3814";"      10";"    3186";"    1668";"     742";"     500";"     230";"      47";"     236";"       .";"       .";"       .";"       .";"       .";"       .";"       .";"    3207";"    2370";"     837";"       0";"     161";"       0";"   -1886";"    1992";"     569";"      69";"       .";"       .";"       .";"       4";"   15860";"   15444";"     416"
"10";"2015MM09";"    2379";"    3513";"      10";"    3527";"    1905";"     937";"     528";"     105";"      51";"      96";"       .";"       .";"       .";"       .";"       .";"       .";"       .";"    3202";"    2244";"     944";"      14";"     102";"       0";"   -1463";"    2379";"     617";"      61";"       .";"       .";"       .";"       6";"   15860";"   15444";"     416"
"11";"2015KW03";"    6438";"   11752";"      31";"   10027";"    5473";"    2536";"    1363";"     511";"     143";"     429";"       .";"       .";"       .";"       .";"       .";"       .";"       .";"    9684";"    6858";"    2798";"      28";"     466";"       0";"   -5650";"    6438";"    1787";"     197";"       .";"       .";"       .";"      13";"   15860";"   15444";"     416"
"12";"2015MM10";"    3349";"    3459";"       9";"    3503";"    1709";"    1223";"     363";"     136";"      72";"     378";"       .";"       .";"       .";"       .";"       .";"       .";"       .";"    3863";"    2584";"    1269";"      10";"     106";"       0";"     -31";"    3349";"     882";"      64";"       .";"       .";"       .";"       4";"   15860";"   15444";"     416"
"13";"2015MM11";"    3565";"    4241";"       9";"    2701";"    1296";"     938";"     223";"     173";"      72";"      89";"       .";"       .";"       .";"       .";"       .";"       .";"       .";"    4592";"    3071";"    1197";"     324";"     102";"       0";"    1219";"    3565";"     913";"      68";"       .";"       .";"       .";"       2";"   15860";"   15444";"     416"
"14";"2015MM12";"    3694";"    4370";"       9";"    2740";"    1318";"    1002";"     197";"     181";"      42";"      95";"       .";"       .";"       .";"       .";"       .";"       .";"       .";"    5471";"    3235";"    1579";"     658";"      51";"       0";"    2002";"    3694";"     825";"      77";"       .";"       .";"       .";"       3";"   15860";"   15444";"     416"
"15";"2015KW04";"   10609";"   12069";"      27";"    8944";"    4324";"    3162";"     783";"     490";"     186";"     563";"       .";"       .";"       .";"       .";"       .";"       .";"       .";"   13926";"    8890";"    4044";"     992";"     259";"       0";"    3191";"   10609";"    2620";"     209";"       .";"       .";"       .";"       9";"   15860";"   15444";"     416"
"16";"2015JJ00";"   37992";"   52182";"     119";"   36324";"   18471";"   11848";"    3331";"    2128";"     546";"    2241";"       .";"       .";"       .";"       .";"       .";"       .";"       .";"   51118";"   31469";"   15966";"    3683";"    1328";"       1";"    -428";"   37992";"    8306";"     859";"       .";"       .";"       .";"      48";"   15860";"   15444";"     416"
"17";"2016MM01";"    4778";"    4561";"      10";"    3293";"    1225";"    1697";"     158";"     212";"       0";"       0";"       .";"       .";"       .";"       .";"       .";"       .";"       .";"    5716";"    3184";"    1752";"     780";"      21";"       0";"    2651";"    4778";"     866";"      74";"       .";"       .";"       .";"       3";"   15857";"   15441";"     416"
"18";"2016MM02";"    4317";"    4240";"       9";"    3411";"    1242";"    1788";"     169";"     183";"      29";"      93";"       .";"       .";"       .";"       .";"       .";"       .";"       .";"    5156";"    2792";"    1671";"     693";"     130";"       0";"    1850";"    4317";"     788";"      66";"       .";"       .";"       .";"       3";"   15857";"   15441";"     416"
"19";"2016MM03";"    4310";"    4800";"       7";"    3516";"    1435";"    1693";"     127";"     182";"      79";"       0";"       .";"       .";"       .";"       .";"       .";"       .";"       .";"    5935";"    3088";"    1986";"     861";"       8";"       0";"    1930";"    4310";"     784";"      72";"       .";"       .";"       .";"       4";"   15880";"   15465";"     416"
"20";"2016KW01";"   13405";"   13601";"      26";"   10221";"    3902";"    5179";"     455";"     578";"     108";"      93";"       .";"       .";"       .";"       .";"       .";"       .";"       .";"   16808";"    9064";"    5409";"    2334";"     159";"       0";"    6431";"   13405";"    2438";"     212";"       .";"       .";"       .";"      10";"   15880";"   15465";"     416"
"21";"2016MM04";"    3134";"    4574";"       7";"    3551";"    1600";"    1483";"     191";"     197";"      79";"     132";"       .";"       .";"       .";"       .";"       .";"       .";"       .";"    4326";"    2466";"    1360";"     500";"      13";"       0";"    -790";"    3134";"     630";"      66";"       .";"       .";"       .";"       4";"   15880";"   15465";"     416"
"22";"2016MM05";"    2284";"    4691";"       9";"    3832";"    1842";"    1287";"     453";"     184";"      66";"     249";"       .";"       .";"       .";"       .";"       .";"       .";"       .";"    3897";"    2745";"    1125";"      26";"     133";"       0";"   -2467";"    2284";"     554";"      69";"       .";"       .";"       .";"       5";"   15880";"   15465";"     416"
"23";"2016MM06";"    2058";"    3912";"      10";"    3388";"    1502";"    1388";"     319";"      93";"      86";"     403";"       .";"       .";"       .";"       .";"       .";"       .";"       .";"    3139";"    2067";"    1040";"      32";"     120";"       0";"   -2396";"    2058";"     644";"      51";"       .";"       .";"       .";"       4";"   15880";"   15465";"     416"
"24";"2016KW02";"    7476";"   13177";"      25";"   10770";"    4945";"    4158";"     963";"     474";"     231";"     783";"       .";"       .";"       .";"       .";"       .";"       .";"       .";"   11361";"    7278";"    3525";"     558";"     266";"       0";"   -5653";"    7476";"    1828";"     186";"       .";"       .";"       .";"      12";"   15880";"   15465";"     416"
"25";"2016MM07";"    2103";"    4006";"      12";"    4076";"    1729";"    1461";"     698";"     120";"      68";"     101";"       .";"       .";"       .";"       .";"       .";"       .";"       .";"    3400";"    2535";"     866";"       0";"     239";"       0";"   -2453";"    2103";"     711";"      64";"       .";"       .";"       .";"       4";"   15880";"   15465";"     416"
"26";"2016MM08";"    2163";"    3911";"      11";"    2667";"    1115";"     976";"     374";"     178";"      25";"     240";"       .";"       .";"       .";"       .";"       .";"       .";"       .";"    3268";"    2170";"    1085";"      13";"     210";"       0";"   -1188";"    2163";"     754";"      66";"       .";"       .";"       .";"       6";"   15880";"   15465";"     416"
"27";"2016MM09";"    2285";"    3493";"      14";"    2647";"     872";"    1248";"     409";"     101";"      16";"       0";"       .";"       .";"       .";"       .";"       .";"       .";"       .";"    3302";"    2226";"    1056";"      20";"      15";"       0";"    -551";"    2285";"     848";"      57";"       .";"       .";"       .";"       6";"   14696";"   14281";"     416"
"28";"2016KW03";"    6551";"   11410";"      37";"    9390";"    3716";"    3685";"    1481";"     399";"     109";"     341";"       .";"       .";"       .";"       .";"       .";"       .";"       .";"    9970";"    6931";"    3006";"      33";"     464";"       0";"   -4192";"    6551";"    2312";"     187";"       .";"       .";"       .";"      17";"   14696";"   14281";"     416"
"29";"2016MM10";"    3367";"    3770";"      14";"    3689";"    1830";"    1191";"     423";"     148";"      97";"     305";"       .";"       .";"       .";"       .";"       .";"       .";"       .";"    4646";"    2782";"    1457";"     407";"       7";"       0";"     243";"    3367";"     911";"      79";"       .";"       .";"       .";"       3";"   14696";"   14281";"     416"
"30";"2016MM11";"    4295";"    4126";"      14";"    4004";"    1882";"    1724";"     142";"     145";"     111";"       0";"       .";"       .";"       .";"       .";"       .";"       .";"       .";"    6237";"    3029";"    2173";"    1036";"       3";"       0";"    2391";"    4295";"     991";"      78";"       .";"       .";"       .";"       3";"   14696";"   14281";"     416"
"31";"2016MM12";"    4768";"    4297";"      13";"    3830";"    1358";"    2094";"     128";"     175";"      76";"      83";"       .";"       .";"       .";"       .";"       .";"       .";"       .";"    6423";"    3111";"    2804";"     509";"     191";"       0";"    3160";"    4768";"    1024";"      79";"       .";"       .";"       .";"       3";"   14696";"   14281";"     416"
"32";"2016KW04";"   12430";"   12193";"      41";"   11524";"    5070";"    5008";"     692";"     468";"     285";"     388";"       .";"       .";"       .";"       .";"       .";"       .";"       .";"   17307";"    8922";"    6433";"    1952";"     202";"       1";"    5794";"   12430";"    2926";"     236";"       .";"       .";"       .";"      10";"   14696";"   14281";"     416"
"33";"2016JJ00";"   39862";"   50381";"     129";"   41904";"   17632";"   18030";"    3591";"    1919";"     733";"    1605";"       .";"       .";"       .";"       .";"       .";"       .";"       .";"   55445";"   32195";"   18373";"    4878";"    1091";"       2";"    2381";"   39862";"    9504";"     821";"       .";"       .";"       .";"      49";"   14696";"   14281";"     416"
"34";"2017MM01";"    5811";"    4720";"      20";"    4742";"    1992";"    2338";"     171";"     169";"      72";"       5";"       .";"       .";"       .";"       .";"       .";"       .";"       .";"    7141";"    3638";"    2963";"     541";"       7";"       2";"    3473";"    5811";"    1069";"      92";"    5001";"    4877";"     124";"       4";"   14696";"   14281";"     416"
"35";"2017MM02";"    4310";"    4094";"      14";"    3462";"    1505";"    1589";"     129";"     123";"     116";"      98";"       .";"       .";"       .";"       .";"       .";"       .";"       .";"    5377";"    2909";"    2104";"     363";"     109";"       0";"    2128";"    4310";"     791";"      75";"    2874";"    2777";"      97";"       3";"   14696";"   14281";"     416"
"36";"2017MM03";"    3775";"    3887";"      11";"    3663";"    1714";"    1316";"     376";"     143";"     115";"     144";"       .";"       .";"       .";"       .";"       .";"       .";"       .";"    4177";"    2943";"    1181";"      52";"      11";"       0";"     258";"    3775";"     798";"      83";"    2615";"    2404";"     211";"       6";"   14696";"   14281";"     416"
"37";"2017KW01";"   13896";"   12701";"      44";"   11867";"    5210";"    5244";"     676";"     435";"     302";"     247";"       .";"       .";"       .";"       .";"       .";"       .";"       .";"   16695";"    9490";"    6248";"     956";"     126";"       2";"    5859";"   13896";"    2658";"     250";"    2615";"    2404";"     211";"      13";"   14696";"   14281";"     416"
"38";"2017MM04";"    3290";"    3774";"       8";"    4291";"    1998";"    1325";"     709";"     150";"     109";"     192";"       .";"       .";"       .";"       .";"       .";"       .";"       .";"    3658";"    2531";"    1127";"       0";"       1";"       0";"   -1315";"    3290";"     773";"      74";"    3931";"    3748";"     183";"       3";"   14696";"   14281";"     416"
"39";"2017MM05";"    2593";"    3500";"      10";"    4185";"    1990";"    1036";"     845";"     147";"     166";"     378";"       .";"       .";"       .";"       .";"       .";"       .";"       .";"    3244";"    2311";"     923";"      11";"      40";"       1";"   -2194";"    2593";"     729";"      77";"    6125";"    5905";"     220";"       5";"   14696";"   14281";"     416"
"40";"2017MM06";"    2151";"    3041";"      10";"    3702";"    1902";"     939";"     646";"      85";"     130";"     295";"       .";"       .";"       .";"       .";"       .";"       .";"       .";"    2860";"    2047";"     814";"       0";"      95";"       0";"   -1942";"    2151";"     691";"      60";"    8067";"    7813";"     254";"       3";"   14696";"   14281";"     416"
"41";"2017KW02";"    8034";"   10315";"      29";"   12178";"    5890";"    3300";"    2200";"     382";"     404";"     865";"       .";"       .";"       .";"       .";"       .";"       .";"       .";"    9763";"    6888";"    2864";"      11";"     137";"       1";"   -5451";"    8034";"    2193";"     210";"    8067";"    7813";"     254";"      11";"   14696";"   14281";"     416"
"42";"2017MM07";"    2336";"    3331";"      11";"    4094";"    2147";"     689";"    1147";"      47";"      65";"     145";"       .";"       .";"       .";"       .";"       .";"       .";"       .";"    2916";"    2209";"     706";"       1";"     192";"       0";"   -2137";"    2336";"     904";"      63";"   10203";"   10035";"     168";"       5";"   14696";"   14281";"     416"
"43";"2017MM08";"    2201";"    3532";"      10";"    3840";"    2005";"     646";"    1005";"      87";"      96";"     156";"       .";"       .";"       .";"       .";"       .";"       .";"       .";"    2937";"    2141";"     796";"       0";"      49";"       1";"   -2351";"    2201";"     651";"      73";"   12554";"   12309";"     245";"       3";"   14696";"   14281";"     416"
"44";"2017MM09";"    2661";"    2124";"      10";"    3887";"    2043";"     913";"     667";"      85";"     178";"      94";"       .";"       .";"       .";"       .";"       .";"       .";"       .";"    3104";"    2232";"     868";"       4";"      29";"       0";"    -320";"    2661";"     813";"      67";"   12874";"   12588";"     285";"       4";"   13721";"   13305";"     416"
"45";"2017KW03";"    7198";"    8987";"      32";"   11820";"    6195";"    2248";"    2819";"     219";"     339";"     395";"       .";"       .";"       .";"       .";"       .";"       .";"       .";"    8957";"    6582";"    2370";"       6";"     270";"       1";"   -4807";"    7198";"    2369";"     204";"   12874";"   12588";"     285";"      12";"   13721";"   13305";"     416"
"46";"2017MM10";"    3096";"    3482";"      11";"    3762";"    2047";"    1028";"     548";"      74";"      66";"     289";"       .";"       .";"       .";"       .";"       .";"       .";"       .";"    4114";"    2895";"    1179";"      40";"     201";"       1";"    -133";"    3096";"     898";"      76";"   13007";"   12655";"     351";"       4";"   13721";"   13305";"     416"
"47";"2017MM11";"    4151";"    3763";"      12";"    4383";"    1971";"    2056";"     165";"      92";"      99";"       0";"       .";"       .";"       .";"       .";"       .";"       .";"       .";"    5477";"    2867";"    2278";"     332";"     104";"       0";"    1574";"    4151";"    1029";"      59";"   11433";"   11204";"     229";"       3";"   13726";"   13310";"     416"
"48";"2017MM12";"    4982";"    3892";"      13";"    5327";"    2156";"    2815";"     142";"      85";"     129";"     212";"       .";"       .";"       .";"       .";"       .";"       .";"       .";"    7067";"    2956";"    3345";"     765";"     233";"       1";"    2837";"    4982";"    1042";"      71";"    8596";"    8416";"     181";"       3";"   13726";"   13310";"     416"
"49";"2017KW04";"   12228";"   11138";"      36";"   13473";"    6175";"    5899";"     855";"     251";"     294";"     501";"       .";"       .";"       .";"       .";"       .";"       .";"       .";"   16658";"    8717";"    6803";"    1137";"     538";"       2";"    4278";"   12228";"    2968";"     206";"    8596";"    8416";"     181";"      10";"   13726";"   13310";"     416"
"50";"2017JJ00";"   41355";"   43140";"     141";"   49338";"   23470";"   16691";"    6550";"    1287";"    1340";"    2008";"       .";"       .";"       .";"       .";"       .";"       .";"       .";"   52073";"   31677";"   18285";"    2110";"    1071";"       6";"    -122";"   41355";"   10188";"     870";"    8596";"    8416";"     181";"      46";"   13726";"   13310";"     416"
"51";"2018MM01";"    4813";"    3869";"      14";"    4608";"    2005";"    2280";"     144";"      85";"      94";"       2";"       .";"       .";"       .";"       .";"       .";"       .";"       .";"    6150";"    2833";"    2223";"    1095";"      18";"       1";"    2488";"    4813";"     860";"      75";"    6108";"    5961";"     147";"       2";"   13726";"   13310";"     416"
"52";"2018MM02";"    5109";"    3094";"      15";"    4628";"    1843";"    2548";"     120";"      79";"      38";"     445";"       .";"       .";"       .";"       .";"       .";"       .";"       .";"    6114";"    2525";"    3011";"     579";"     369";"       0";"    3411";"    5109";"     867";"      71";"    2697";"    2540";"     157";"       2";"   13726";"   13310";"     416"
"53";"2018MM03";"    4655";"    3798";"      17";"    4448";"    1988";"    2152";"     214";"      59";"      34";"     230";"       .";"       .";"       .";"       .";"       .";"       .";"       .";"    5375";"    2677";"    2105";"     592";"     206";"       1";"    1742";"    4655";"     817";"      76";"     955";"     823";"     132";"       2";"   13721";"   13305";"     416"
"54";"2018KW01";"   14577";"   10761";"      46";"   13685";"    5837";"    6981";"     478";"     223";"     166";"     677";"       .";"       .";"       .";"       .";"       .";"       .";"       .";"   17639";"    8035";"    7339";"    2266";"     592";"       1";"    7641";"   14577";"    2544";"     222";"     955";"     823";"     132";"       6";"   13721";"   13305";"     416"
"55";"2018MM04";"    2715";"    2866";"      15";"    4283";"    2216";"    1482";"     494";"      72";"      20";"     355";"       .";"       .";"       .";"       .";"       .";"       .";"       .";"    3234";"    2099";"    1069";"      67";"      36";"       0";"   -1532";"    2715";"     560";"      72";"    2487";"    2269";"     218";"       2";"   13721";"   13305";"     416"
"56";"2018MM05";"    2279";"    2944";"      11";"    4382";"    2255";"    1353";"     671";"      85";"      18";"     443";"       .";"       .";"       .";"       .";"       .";"       .";"       .";"    3552";"    2554";"     995";"       3";"     204";"       0";"   -1745";"    2279";"     598";"      72";"    4232";"    4046";"     186";"       4";"   13726";"   13310";"     416"
"57";"2018MM06";"    2260";"    2831";"      12";"    4217";"    2341";"    1265";"     537";"      54";"      21";"     492";"       .";"       .";"       .";"       .";"       .";"       .";"       .";"    2790";"    1664";"    1119";"       7";"     354";"       2";"   -2147";"    2260";"     750";"      62";"    6379";"    6129";"     250";"       3";"   13726";"   13310";"     416"
"58";"2018KW02";"    7253";"    8641";"      38";"   12883";"    6812";"    4100";"    1701";"     211";"      59";"    1291";"       .";"       .";"       .";"       .";"       .";"       .";"       .";"    9577";"    6316";"    3183";"      77";"     594";"       3";"   -5424";"    7253";"    1907";"     206";"    6379";"    6129";"     250";"       9";"   13726";"   13310";"     416"
"59";"2018MM07";"    2278";"    2907";"      12";"    4123";"    2473";"     560";"    1002";"      65";"      23";"     375";"       .";"       .";"       .";"       .";"       .";"       .";"       .";"    2815";"    1933";"     882";"       0";"     436";"       3";"   -1885";"    2278";"     910";"      71";"    8264";"    8095";"     169";"       4";"   13726";"   13310";"     416"
"60";"2018MM08";"    2400";"    2781";"      13";"    4647";"    2535";"    1040";"     987";"      84";"       0";"     426";"       .";"       .";"       .";"       .";"       .";"       .";"       .";"    2830";"    2128";"     701";"       0";"     442";"       3";"   -2192";"    2400";"     952";"      68";"   10456";"   10324";"     132";"       2";"   13726";"   13310";"     416"
"61";"2018MM09";"    2518";"    2765";"       9";"    4298";"    2297";"    1404";"     525";"      71";"       0";"     844";"       .";"       .";"       .";"       .";"       .";"       .";"       .";"    2724";"    1559";"    1141";"      23";"     517";"       2";"   -2155";"    2518";"     788";"      62";"   12611";"   12282";"     329";"       2";"   13726";"   13310";"     416"
"62";"2018KW03";"    7195";"    8453";"      34";"   13068";"    7305";"    3005";"    2515";"     220";"      23";"    1645";"       .";"       .";"       .";"       .";"       .";"       .";"       .";"    8369";"    5620";"    2725";"      23";"    1395";"       7";"   -6232";"    7195";"    2650";"     201";"   12611";"   12282";"     329";"       8";"   13726";"   13310";"     416"
"63";"2018MM10";"    3050";"    2645";"       9";"    4108";"    2147";"    1345";"     563";"      52";"       0";"     549";"       .";"       .";"       .";"       .";"       .";"       .";"       .";"    3820";"    2706";"    1042";"      71";"      55";"       3";"    -383";"    3050";"     814";"      63";"   12994";"   12800";"     195";"       2";"   13726";"   13310";"     416"
"64";"2018MM11";"    4174";"    3079";"       9";"    3776";"    1783";"    1784";"     138";"      71";"       0";"     909";"       .";"       .";"       .";"       .";"       .";"       .";"       .";"    4400";"    2620";"    1626";"     154";"      19";"       3";"     824";"    4174";"    1018";"      68";"   12170";"   11924";"     247";"       2";"   13726";"   13310";"     416"
"65";"2018MM12";"    4559";"    3370";"      11";"    4321";"    1979";"    2013";"     251";"      77";"       0";"     707";"       .";"       .";"       .";"       .";"       .";"       .";"       .";"    5067";"    2836";"    1733";"     499";"      31";"       3";"    1251";"    4559";"     966";"      75";"   10920";"   10736";"     183";"       2";"   13726";"   13310";"     416"
"66";"2018KW04";"   11784";"    9094";"      29";"   12205";"    5909";"    5142";"     953";"     200";"       0";"    2165";"       .";"       .";"       .";"       .";"       .";"       .";"       .";"   13287";"    8162";"    4401";"     724";"     106";"       9";"    1692";"   11784";"    2797";"     206";"   10920";"   10736";"     183";"       5";"   13726";"   13310";"     416"
"67";"2018JJ00";"   40809";"   36949";"     147";"   51839";"   25863";"   19228";"    5647";"     854";"     248";"    5778";"       .";"       .";"       .";"       .";"       .";"       .";"       .";"   48872";"   28134";"   17648";"    3090";"    2687";"      21";"   -2323";"   40809";"    9898";"     835";"   10920";"   10736";"     183";"      28";"   13726";"   13310";"     416"
"68";"2019MM01";"    5323";"    3442";"      16";"    4631";"    2139";"    2271";"     146";"      76";"       0";"     693";"       .";"       .";"       .";"       .";"       .";"       .";"       .";"    6215";"    3191";"    1932";"    1092";"      10";"       5";"    2771";"    5323";"    1098";"      72";"    8149";"    8039";"     110";"       2";"   13726";"   13310";"     416"
"69";"2019MM02";"    4170";"    2843";"      14";"    3781";"    1727";"    1821";"     169";"      64";"       0";"     806";"       .";"       .";"       .";"       .";"       .";"       .";"       .";"    4463";"    2637";"    1478";"     348";"     131";"       3";"    1323";"    4170";"     992";"      55";"    6826";"    6610";"     216";"       2";"   13726";"   13310";"     416"
"70";"2019MM03";"    4167";"    3025";"      16";"    4246";"    2200";"    1411";"     564";"      71";"       0";"     905";"       .";"       .";"       .";"       .";"       .";"       .";"       .";"    4181";"    2867";"    1314";"       0";"      22";"       6";"     184";"    4167";"     964";"      70";"    6641";"    6459";"     182";"       2";"   13726";"   13310";"     416"
"71";"2019KW01";"   13660";"    9311";"      46";"   12658";"    6065";"    5502";"     879";"     212";"       0";"    2404";"       .";"       .";"       .";"       .";"       .";"       .";"       .";"   14860";"    8695";"    4725";"    1440";"     162";"      14";"    4278";"   13660";"    3054";"     197";"    6641";"    6459";"     182";"       6";"   13726";"   13310";"     416"
"72";"2019MM04";"    3056";"    2471";"      15";"    3515";"    1766";"    1143";"     544";"      61";"       0";"    1144";"       .";"       .";"       .";"       .";"       .";"       .";"       .";"    3507";"    2415";"    1091";"       1";"       6";"       6";"    -569";"    3056";"     824";"      58";"    7210";"    7048";"     163";"       2";"   13710";"   13294";"     416"
"73";"2019MM05";"    3069";"    2792";"      19";"    3803";"    2028";"     961";"     755";"      58";"       0";"    1028";"       .";"       .";"       .";"       .";"       .";"       .";"       .";"    3328";"    2423";"     904";"       0";"       1";"       4";"   -1239";"    3069";"    1008";"      59";"    8450";"    8366";"      84";"       1";"   13710";"   13294";"     416"
"74";"2019MM06";"    2353";"    2510";"      16";"    3620";"    1582";"    1117";"     874";"      46";"       0";"    1103";"       .";"       .";"       .";"       .";"       .";"       .";"       .";"    2811";"    1937";"     860";"      15";"      11";"       5";"   -2068";"    2353";"     909";"      56";"   10518";"   10199";"     319";"       3";"   13710";"   13294";"     416"
"75";"2019KW02";"    8478";"    7772";"      49";"   10938";"    5377";"    3222";"    2173";"     165";"       0";"    3275";"       .";"       .";"       .";"       .";"       .";"       .";"       .";"    9646";"    6775";"    2855";"      16";"      18";"      16";"   -3876";"    8478";"    2742";"     173";"   10518";"   10199";"     319";"       6";"   13710";"   13294";"     416"
"76";"2019MM07";"    2551";"    2434";"      15";"    3432";"    2002";"     666";"     712";"      52";"       0";"     777";"       .";"       .";"       .";"       .";"       .";"       .";"       .";"    2592";"    1760";"     815";"      17";"     351";"       9";"   -1155";"    2551";"    1043";"      59";"   11672";"   11447";"     225";"       2";"   13710";"   13294";"     416"
"77";"2019MM08";"    2555";"    2523";"      15";"    3433";"    1833";"    1096";"     470";"      33";"       0";"     641";"       .";"       .";"       .";"       .";"       .";"       .";"       .";"    2653";"    1856";"     767";"      29";"     129";"       8";"   -1268";"    2555";"    1064";"      56";"   12940";"   12613";"     328";"       2";"   13710";"   13294";"     416"
"78";"2019MM09";"    2825";"    2184";"      14";"    3520";"    1492";"    1274";"     634";"      83";"      36";"     455";"       .";"       .";"       .";"       .";"       .";"       .";"       .";"    2569";"    1686";"     866";"      17";"     126";"       8";"    -645";"    2825";"    1102";"      52";"   13586";"   13224";"     362";"       2";"   13710";"   13294";"     416"
"79";"2019KW03";"    7932";"    7141";"      44";"   10385";"    5327";"    3036";"    1817";"     168";"      36";"    1873";"       .";"       .";"       .";"       .";"       .";"       .";"       .";"    7813";"    5302";"    2448";"      63";"     605";"      24";"   -3068";"    7932";"    3209";"     167";"   13586";"   13224";"     362";"       6";"   13710";"   13294";"     416"
"80";"2019MM10";"    3593";"    2529";"      15";"    4352";"    1834";"    1740";"     416";"     255";"     107";"     328";"       .";"       .";"       .";"       .";"       .";"       .";"       .";"    3344";"    2186";"    1150";"       8";"     115";"      10";"    -162";"    3593";"    1141";"      62";"   13748";"   13567";"     181";"       2";"   14732";"   14317";"     416"
"81";"2019MM11";"    4361";"    2377";"      16";"    3912";"    1484";"    1604";"     640";"      69";"     114";"     969";"       .";"       .";"       .";"       .";"       .";"       .";"       .";"    4210";"    2729";"    1355";"     125";"      23";"       8";"    1329";"    4361";"    1107";"      63";"   12419";"   12235";"     183";"       2";"   14732";"   14317";"     416"
"82";"2019MM12";"    4570";"    2427";"      16";"    4203";"    1463";"    1745";"     704";"     171";"     120";"    1002";"       .";"       .";"       .";"       .";"       .";"       .";"       .";"    4319";"    2856";"    1457";"       6";"      18";"       8";"    1267";"    4570";"     955";"      67";"   11152";"   10866";"     286";"       2";"   14732";"   14317";"     416"
"83";"2019KW04";"   12524";"    7333";"      47";"   12466";"    4781";"    5089";"    1760";"     495";"     341";"    2299";"       .";"       .";"       .";"       .";"       .";"       .";"       .";"   11873";"    7771";"    3963";"     139";"     156";"      26";"    2434";"   12524";"    3202";"     193";"   11152";"   10866";"     286";"       5";"   14732";"   14317";"     416"
"84";"2019JJ00";"   42594";"   31557";"     187";"   46446";"   21550";"   16849";"    6629";"    1040";"     377";"    9850";"       .";"       .";"       .";"       .";"       .";"       .";"       .";"   44192";"   28543";"   13990";"    1659";"     942";"      80";"    -232";"   42594";"   12206";"     730";"   11152";"   10866";"     286";"      23";"   14732";"   14317";"     416"
"85";"2020MM01";"    4988";"    2646";"      20";"    3549";"    1053";"    1745";"     500";"     137";"     114";"    1102";"       .";"       .";"       .";"       .";"       .";"       .";"       .";"    3994";"    2833";"    1136";"      24";"      19";"      13";"    1697";"    4988";"    1226";"      67";"    9455";"    9206";"     249";"       1";"   14732";"   14317";"     416"
"86";"2020MM02";"    4359";"    2145";"      20";"    3631";"    1015";"    1856";"     601";"      58";"     101";"     985";"       .";"       .";"       .";"       .";"       .";"       .";"       .";"    3920";"    2547";"    1281";"      92";"      23";"       9";"    1530";"    4359";"     928";"      61";"    7925";"    7729";"     196";"       1";"   14732";"   14317";"     416"
"87";"2020MM03";"    4111";"    1926";"      20";"    3490";"    1213";"    1324";"     794";"      52";"     106";"    1163";"       .";"       .";"       .";"       .";"       .";"       .";"       .";"    3827";"    2538";"    1269";"      20";"      41";"      17";"    1397";"    4111";"     835";"      64";"    6527";"    6349";"     178";"       1";"   14687";"   14272";"     416"
"88";"2020KW01";"   13458";"    6716";"      60";"   10670";"    3281";"    4925";"    1895";"     247";"     322";"    3249";"       .";"       .";"       .";"       .";"       .";"       .";"       .";"   11741";"    7919";"    3686";"     136";"      83";"      38";"    4624";"   13458";"    2988";"     193";"    6527";"    6349";"     178";"       4";"   14687";"   14272";"     416"
"89";"2020MM04";"    2805";"    2122";"      19";"    3860";"    1366";"    1229";"     727";"     448";"      90";"    1183";"       .";"       .";"       .";"       .";"       .";"       .";"       .";"    3159";"    2057";"    1102";"       0";"      29";"      10";"   -1181";"    2805";"     718";"      65";"    7708";"    7487";"     221";"       1";"   14687";"   14272";"     416"
"90";"2020MM05";"    2746";"    2423";"      20";"    4006";"    1385";"     909";"    1093";"     513";"     106";"    1177";"       .";"       .";"       .";"       .";"       .";"       .";"       .";"    3212";"    2210";"    1002";"       0";"      12";"      11";"   -1646";"    2746";"     890";"      65";"    9355";"    9034";"     321";"       2";"   14687";"   14272";"     416"
"91";"2020MM06";"    2516";"    1645";"      21";"    4437";"    1908";"    1099";"     849";"     508";"      73";"     338";"       .";"       .";"       .";"       .";"       .";"       .";"       .";"    2364";"    1466";"     898";"       0";"     141";"      11";"   -1409";"    2516";"     983";"      64";"   10764";"   10480";"     284";"       1";"   14724";"   14309";"     416"
"92";"2020KW02";"    8067";"    6190";"      60";"   12303";"    4659";"    3237";"    2670";"    1469";"     269";"    2699";"       .";"       .";"       .";"       .";"       .";"       .";"       .";"    8734";"    5732";"    3002";"       0";"     182";"      32";"   -4237";"    8067";"    2591";"     194";"   10764";"   10480";"     284";"       5";"   14724";"   14309";"     416"
"93";"2020MM07";"    2808";"    1389";"      21";"    3984";"    1911";"     795";"     655";"     542";"      81";"     742";"       .";"       .";"       .";"       .";"       .";"       .";"       .";"    2468";"    1670";"     798";"       0";"      21";"      12";"    -826";"    2808";"    1178";"      74";"   11590";"   11305";"     285";"       2";"   14724";"   14309";"     416"
"94";"2020MM08";"    2768";"    1322";"      21";"    3562";"    2116";"     654";"     296";"     421";"      75";"     525";"       .";"       .";"       .";"       .";"       .";"       .";"       .";"    1802";"    1121";"     681";"       0";"     121";"      14";"    -724";"    2768";"    1248";"      61";"   12314";"   11982";"     332";"       2";"   14724";"   14309";"     416"
"95";"2020MM09";"    2698";"    1279";"      23";"    4710";"    2299";"    1072";"     882";"     356";"     101";"     299";"       .";"       .";"       .";"       .";"       .";"       .";"       .";"    2172";"    1342";"     829";"       0";"     134";"      10";"   -1297";"    2698";"     976";"      44";"   13611";"   13459";"     151";"       2";"   14724";"   14309";"     416"
"96";"2020KW03";"    8274";"    3989";"      65";"   12256";"    6326";"    2520";"    1833";"    1319";"     257";"    1565";"       .";"       .";"       .";"       .";"       .";"       .";"       .";"    6442";"    4133";"    2308";"       0";"     277";"      36";"   -2847";"    8274";"    3402";"     180";"   13611";"   13459";"     151";"       6";"   14724";"   14309";"     416"
"97";"2020MM10";"    3418";"    1924";"      21";"    3999";"    1988";"    1428";"     487";"      21";"      76";"     540";"       .";"       .";"       .";"       .";"       .";"       .";"       .";"    3107";"    1622";"    1208";"     277";"     190";"      14";"     244";"    3418";"     857";"      56";"   13366";"   13120";"     246";"       2";"   15054";"   14638";"     416"
"98";"2020MM11";"    3812";"    1905";"      21";"    4129";"    1759";"    1810";"     406";"      57";"      97";"     683";"       .";"       .";"       .";"       .";"       .";"       .";"       .";"    3252";"    1762";"    1221";"     269";"     106";"      13";"     446";"    3812";"     989";"      63";"   12921";"   12657";"     264";"       2";"   15089";"   14673";"     416"
"99";"2020MM12";"    4824";"    2130";"      21";"    4216";"    1703";"    2177";"     245";"      52";"      39";"     347";"       .";"       .";"       .";"       .";"       .";"       .";"       .";"    3702";"    1787";"    1413";"     501";"      33";"      18";"    1862";"    4824";"     982";"      66";"   11059";"   10704";"     354";"       1";"   15143";"   14728";"     416"
"100";"2020KW04";"   12054";"    5959";"      63";"   12344";"    5450";"    5416";"    1138";"     129";"     212";"    1570";"       .";"       .";"       .";"       .";"       .";"       .";"       .";"   10060";"    5171";"    3842";"    1047";"     329";"      45";"    2552";"   12054";"    2828";"     184";"   11059";"   10704";"     354";"       5";"   15143";"   14728";"     416"
"101";"2020JJ00";"   41853";"   22855";"     248";"   47573";"   19716";"   16098";"    7535";"    3165";"    1060";"    9083";"       .";"       .";"       .";"       .";"       .";"       .";"       .";"   36977";"   22955";"   12838";"    1183";"     871";"     150";"      93";"   41853";"   11810";"     751";"   11059";"   10704";"     354";"      20";"   15143";"   14728";"     416"
"102";"2021MM01";"    5596";"    2301";"      22";"    5112";"    2298";"    2669";"       0";"      51";"      93";"     336";"     100";"       0";"     233";"       0";"       0";"       0";"       3";"    5845";"    2158";"    2247";"    1440";"     338";"      15";"    4022";"    5596";"     918";"      71";"    7037";"    6757";"     280";"       8";"   15143";"   14728";"     416"
"103";"2021MM02";"    4623";"    1862";"      21";"    3711";"    1591";"    1763";"     236";"      42";"      79";"     431";"     133";"       0";"     142";"       0";"       0";"       0";"     155";"    3814";"    2175";"    1126";"     513";"      42";"      18";"    2473";"    4623";"     910";"      64";"    4564";"    4463";"     102";"       7";"   15136";"   14720";"     416"
"104";"2021MM03";"    4415";"    2090";"      19";"    3963";"    1658";"    1685";"     509";"      24";"      88";"    1224";"     688";"       4";"     214";"      99";"       0";"     196";"      23";"    3905";"    2370";"    1346";"     189";"      26";"      15";"    1064";"    4415";"     941";"      64";"    3500";"    3338";"     162";"       8";"   15136";"   14720";"     416"
"105";"2021KW01";"   14635";"    6253";"      62";"   12786";"    5547";"    6118";"     745";"     117";"     260";"    1991";"     920";"       4";"     589";"      99";"       0";"     196";"     182";"   13564";"    6703";"    4720";"    2142";"     406";"      47";"    7559";"   14635";"    2769";"     198";"    3500";"    3338";"     162";"      23";"   15136";"   14720";"     416"
"106";"2021MM04";"    3657";"    2053";"      19";"    3209";"    1396";"     909";"     787";"      43";"      74";"    1299";"     620";"       0";"     421";"     128";"       0";"     128";"       3";"    3470";"    2177";"    1261";"      32";"      75";"      15";"     637";"    3657";"     697";"      62";"    2863";"    2640";"     223";"       8";"   15136";"   14720";"     416"
"107";"2021MM05";"    2979";"    1988";"      23";"    3108";"    1276";"     844";"     848";"      48";"      92";"    1269";"     815";"       0";"     234";"     217";"       0";"       0";"       3";"    3022";"    1857";"    1107";"      58";"      58";"      15";"    -314";"    2979";"     633";"      63";"    3178";"    3043";"     134";"       8";"   15136";"   14720";"     416"
"108";"2021MM06";"    2306";"    1393";"      25";"    3506";"    1918";"     667";"     706";"     132";"      83";"     668";"     317";"       0";"     345";"       0";"       0";"       0";"       6";"    1805";"    1331";"     474";"       0";"      38";"      16";"   -1427";"    2306";"     795";"      59";"    4604";"    4336";"     268";"       7";"   15136";"   14720";"     416"
"109";"2021KW02";"    8942";"    5435";"      66";"    9823";"    4590";"    2419";"    2342";"     223";"     249";"    3236";"    1752";"       0";"    1000";"     345";"       0";"     128";"      12";"    8298";"    5365";"    2843";"      90";"     171";"      45";"   -1104";"    8942";"    2125";"     184";"    4604";"    4336";"     268";"      23";"   15136";"   14720";"     416"
"110";"2021MM07";"    2151";"    1557";"      24";"    3702";"    2220";"     549";"     687";"     159";"      87";"     428";"     245";"       0";"      90";"       0";"      83";"       0";"       9";"    2127";"    1373";"     754";"       0";"     143";"      13";"   -1277";"    2151";"     631";"      56";"    5881";"    5564";"     318";"       7";"   15136";"   14720";"     416"
"111";"2021MM08";"    1838";"    1520";"      24";"    3987";"    2526";"     668";"     569";"     137";"      88";"     359";"     232";"       0";"     115";"       0";"       0";"       0";"      13";"    2417";"    1616";"     801";"       0";"     173";"      20";"   -1443";"    1838";"     329";"      54";"    7324";"    7097";"     227";"       7";"   15136";"   14720";"     416"
"112";"2021MM09";"    2134";"    1383";"      21";"    4132";"    2419";"     660";"     813";"     165";"      76";"     718";"     198";"       0";"     224";"     192";"       0";"       0";"     104";"    2430";"    1704";"     726";"       0";"     137";"      14";"   -1539";"    2134";"     576";"      51";"    8863";"    8618";"     245";"       5";"   15136";"   14720";"     416"
"113";"2021KW03";"    6123";"    4461";"      69";"   11821";"    7165";"    1878";"    2068";"     461";"     250";"    1505";"     675";"       0";"     429";"     192";"      83";"       0";"     126";"    6974";"    4692";"    2282";"       0";"     453";"      47";"   -4259";"    6123";"    1535";"     160";"    8863";"    8618";"     245";"      20";"   15136";"   14720";"     416"
"114";"2021MM10";"    2584";"    1206";"      24";"    3921";"    2042";"     513";"     883";"     401";"      82";"     976";"     490";"       0";"     355";"     114";"       0";"       0";"      17";"    3466";"    2535";"     931";"       0";"     142";"       6";"      73";"    2584";"     474";"      65";"    8790";"    8560";"     230";"       8";"   15136";"   14720";"     416"
"115";"2021MM11";"    3669";"    1518";"      22";"    3530";"    1541";"    1148";"     646";"     109";"      85";"     878";"     203";"       0";"     332";"       0";"     142";"      87";"     114";"    3205";"    2215";"     874";"     116";"      76";"       5";"    1007";"    3669";"     887";"      69";"    7784";"    7622";"     162";"       6";"   15136";"   14720";"     416"
"116";"2021MM12";"    4208";"    1626";"      23";"    2867";"    1177";"    1215";"     266";"     120";"      89";"    1169";"     666";"       0";"     376";"     114";"       0";"      13";"       0";"    4227";"    2348";"    1566";"     312";"      30";"       7";"    2787";"    4208";"     792";"      68";"    4997";"    4783";"     214";"       7";"   15136";"   14720";"     416"
"117";"2021KW04";"   10461";"    4350";"      69";"   10318";"    4761";"    2876";"    1795";"     630";"     256";"    3022";"    1359";"       0";"    1062";"     229";"     142";"     100";"     131";"   10897";"    7099";"    3370";"     428";"     248";"      19";"    3866";"   10461";"    2152";"     202";"    4997";"    4783";"     214";"      21";"   15136";"   14720";"     416"
"118";"2021JJ00";"   40161";"   20499";"     267";"   44749";"   22063";"   13290";"    6950";"    1431";"    1015";"    9754";"    4706";"       4";"    3081";"     864";"     224";"     424";"     451";"   39733";"   23859";"   13214";"    2660";"    1278";"     158";"    6062";"   40161";"    8581";"     745";"    4997";"    4783";"     214";"      86";"   15136";"   14720";"     416"
"119";"2022MM01";"    4261";"    2185";"      29";"    3296";"     999";"    1451";"     645";"     114";"      86";"    1054";"     581";"       0";"     305";"      88";"       0";"       0";"      80";"    3303";"    2417";"     788";"      98";"      32";"       5";"    1036";"    4261";"     772";"      58";"    3961";"    3920";"      41";"       7";"   15136";"   14720";"     416"
"120";"2022MM02";"    3416";"    1461";"      26";"    2629";"     907";"     786";"     806";"      51";"      78";"    1326";"     869";"       0";"     357";"       0";"       0";"       0";"     100";"    2585";"    1855";"     729";"       2";"     151";"       6";"     717";"    3416";"     471";"      51";"    3244";"    3119";"     125";"       6";"   15136";"   14720";"     416"
"121";"2022MM03";"    3248";"    1575";"      35";"    3396";"    1305";"     920";"    1033";"      51";"      87";"    1435";"     873";"       0";"     457";"      10";"       0";"       0";"      95";"    3266";"    2434";"     824";"       9";"      24";"      12";"     110";"    3248";"     695";"      58";"    3134";"    2968";"     166";"       7";"   15136";"   14720";"     416"
"122";"2022KW01";"   10924";"    5221";"      90";"    9321";"    3211";"    3158";"    2485";"     217";"     252";"    3814";"    2322";"       0";"    1119";"      98";"       0";"       0";"     275";"    9155";"    6706";"    2341";"     108";"     208";"      23";"    1863";"   10924";"    1939";"     167";"    3134";"    2968";"     166";"      20";"   15136";"   14720";"     416"
"123";"2022MM04";"    2656";"    1813";"      30";"    3266";"     953";"     468";"    1219";"     544";"      83";"    1378";"     851";"       0";"     334";"       0";"       0";"      79";"     114";"    2923";"    2361";"     562";"       0";"      29";"       7";"    -872";"    2656";"     494";"      52";"    4006";"    3877";"     129";"       7";"   14489";"   14073";"     416"
"124";"2022MM05";"    2085";"    1348";"      32";"    4138";"    1728";"     311";"    1446";"     575";"      78";"    1487";"     803";"       0";"     240";"     335";"       0";"       0";"     109";"    2955";"    2388";"     567";"       0";"      39";"      10";"   -1917";"    2085";"     615";"      53";"    5923";"    5681";"     242";"       7";"   14489";"   14073";"     416"
"125";"2022MM06";"    1925";"    1013";"      30";"    3855";"    1624";"     245";"    1391";"     523";"      72";"    1510";"     768";"       0";"     111";"     317";"       0";"     209";"     105";"    2500";"    2079";"     421";"       0";"      20";"       9";"   -1954";"    1925";"     672";"      36";"    7876";"    7590";"     286";"       3";"   14489";"   14073";"     416"
"126";"2022KW02";"    6666";"    4174";"      91";"   11260";"    4306";"    1023";"    4056";"    1642";"     233";"    4374";"    2422";"       0";"     684";"     652";"       0";"     288";"     328";"    8377";"    6828";"    1550";"       0";"      89";"      25";"   -4742";"    6666";"    1781";"     141";"    7876";"    7590";"     286";"      16";"   14489";"   14073";"     416"
"127";"2022MM07";"    1753";"    1144";"      35";"    3750";"    1175";"     359";"    1540";"     577";"      99";"    1620";"    1266";"      96";"     223";"       0";"       0";"      14";"      21";"    2875";"    2326";"     548";"       0";"      29";"       6";"   -1886";"    1753";"     590";"      43";"    9763";"    9455";"     307";"       5";"   14489";"   14073";"     416"
"128";"2022MM08";"    1672";"    1115";"      38";"    3426";"    1017";"     200";"    1525";"     587";"      97";"    1560";"     621";"     110";"     211";"     499";"       0";"      97";"      22";"    2970";"    2420";"     550";"       0";"      32";"      12";"   -1453";"    1672";"     654";"      44";"   11216";"   10972";"     244";"       5";"   14489";"   14073";"     416"
"129";"2022MM09";"    1740";"    1536";"      33";"    3510";"    1174";"     316";"    1469";"     517";"      34";"    1959";"    1396";"      97";"     112";"     217";"       0";"       0";"     137";"    3241";"    2522";"     719";"       0";"      27";"       4";"   -2025";"    1740";"     540";"      46";"   13241";"   12858";"     383";"       7";"   14609";"   14073";"     535"
"130";"2022KW03";"    5166";"    3795";"     105";"   10686";"    3367";"     875";"    4534";"    1681";"     229";"    5139";"    3283";"     303";"     546";"     716";"       0";"     111";"     180";"    9085";"    7268";"    1817";"       0";"      88";"      21";"   -5365";"    5166";"    1783";"     133";"   13241";"   12858";"     383";"      17";"   14609";"   14073";"     535"
"131";"2022MM10";"    2105";"    1036";"      28";"    3109";"     772";"     186";"    1466";"     579";"     105";"    2044";"    1198";"     210";"     123";"     331";"       0";"     181";"       1";"    4026";"    3376";"     650";"       0";"      52";"      12";"     -22";"    2105";"     688";"      47";"   13263";"   12866";"     397";"       7";"   14609";"   14073";"     535"
"132";"2022MM11";"    2607";"    1343";"      28";"    2727";"     681";"     323";"    1121";"     507";"      94";"    1726";"     945";"      92";"     108";"     309";"     137";"       0";"     136";"    3683";"    3102";"     580";"       0";"      14";"      13";"     493";"    2607";"     526";"      43";"   12770";"   12422";"     348";"       5";"   14603";"   14068";"     535"
"133";"2022MM12";"    3808";"    1470";"      32";"    3140";"     872";"     986";"    1132";"      54";"      96";"    1600";"     757";"      95";"     111";"     519";"       0";"     109";"      10";"    4082";"    3247";"     799";"      36";"      49";"       9";"    1705";"    3808";"     849";"      53";"   11065";"   10812";"     253";"       7";"   14603";"   14068";"     535"
"134";"2022KW04";"    8520";"    3849";"      88";"    8975";"    2325";"    1495";"    3719";"    1141";"     296";"    5370";"    2900";"     397";"     342";"    1159";"     137";"     289";"     147";"   11791";"    9725";"    2030";"      36";"     115";"      34";"    2176";"    8520";"    2063";"     143";"   11065";"   10812";"     253";"      19";"   14603";"   14068";"     535"
"135";"2022JJ00";"   31276";"   17040";"     375";"   40242";"   13208";"    6551";"   14794";"    4680";"    1010";"   18697";"   10927";"     699";"    2692";"    2624";"     137";"     689";"     930";"   38408";"   30527";"    7737";"     144";"     498";"     103";"   -6068";"   31276";"    7566";"     584";"   11065";"   10812";"     253";"      72";"   14603";"   14068";"     535"
"136";"2023MM01";"    3387";"    1349";"      30";"    3109";"     987";"    1009";"     967";"      45";"     100";"    1564";"    1203";"     106";"     122";"     125";"       0";"       0";"       8";"    3904";"    3279";"     618";"       7";"      27";"      13";"    1279";"    3387";"     574";"      46";"    9786";"    9622";"     164";"       4";"   14603";"   14068";"     535"
"137";"2023MM02";"    3059";"    1191";"      28";"    2668";"     770";"     833";"     935";"      45";"      84";"    1739";"    1304";"      89";"     104";"      99";"     128";"       0";"      14";"    3140";"    2623";"     505";"      12";"      25";"      16";"     616";"    3059";"     659";"      41";"    9170";"    8836";"     334";"       2";"   14603";"   14068";"     535"
"138";"2023MM03";"    3119";"    1307";"      29";"    2303";"     882";"     633";"     662";"      34";"      92";"    2120";"    1552";"      98";"     116";"     206";"     142";"       0";"       6";"    3251";"    2683";"     554";"      15";"      40";"      14";"     666";"    3119";"     588";"      44";"    8504";"    8299";"     205";"       2";"   14603";"   14068";"     535"
"139";"2023KW01";"    9565";"    3847";"      87";"    8079";"    2639";"    2476";"    2564";"     124";"     276";"    5423";"    4059";"     294";"     342";"     431";"     270";"       0";"      28";"   10296";"    8585";"    1677";"      34";"      92";"      43";"    2561";"    9565";"    1821";"     131";"    8504";"    8299";"     205";"       8";"   14603";"   14068";"     535"
"140";"2023MM04";"    2435";"     921";"      29";"    3264";"     920";"     436";"    1279";"     539";"      89";"    2209";"    1483";"     103";"     120";"     240";"     150";"     113";"       0";"    3448";"    2703";"     745";"       0";"      63";"      14";"    -464";"    2435";"     520";"      42";"    8968";"    8780";"     188";"       2";"   14859";"   14324";"     535"
"141";"2023MM05";"    1891";"     836";"      31";"    3170";"     951";"     193";"    1400";"     569";"      57";"    2369";"    1892";"     106";"     123";"     244";"       0";"       0";"       5";"    3321";"    2750";"     571";"       0";"      75";"      25";"   -1096";"    1891";"     520";"      39";"   10064";"    9819";"     245";"       1";"   14859";"   14324";"     535"
"142";"2023MM06";"    1865";"     771";"      29";"    2619";"     831";"     520";"     916";"     257";"      95";"    2299";"    1457";"      92";"       0";"     295";"     133";"     309";"      14";"    2303";"    1890";"     413";"       0";"      66";"      28";"   -1455";"    1865";"     710";"      33";"   11518";"   11318";"     200";"       1";"   14856";"   14321";"     535"
"143";"2023KW02";"    6190";"    2528";"      89";"    9053";"    2703";"    1148";"    3595";"    1365";"     241";"    6878";"    4831";"     300";"     244";"     779";"     283";"     422";"      19";"    9072";"    7344";"    1729";"       0";"     204";"      67";"   -3014";"    6190";"    1750";"     115";"   11518";"   11318";"     200";"       4";"   14856";"   14321";"     535"
"144";"2023MM07";"    1726";"     872";"      30";"    2728";"     965";"     445";"     864";"     372";"      83";"    2341";"    1786";"       0";"       0";"     419";"     134";"       0";"       1";"    2670";"    2204";"     466";"       0";"     107";"      28";"   -1440";"    1726";"     572";"      38";"   12958";"   12729";"     229";"       1";"   14856";"   14321";"     535"
"145";"2023MM08";"    1924";"     814";"      32";"    2751";"    1031";"     561";"     795";"     279";"      85";"    2190";"    1609";"     182";"     107";"     101";"       0";"     190";"       1";"    2830";"    2363";"     468";"       0";"      57";"      31";"    -945";"    1924";"     728";"      35";"   13903";"   13565";"     339";"       1";"   14856";"   14321";"     535"
"146";"2023MM09";"    1924";"     668";"      32";"    1927";"     769";"     322";"     593";"     164";"      78";"    1707";"    1389";"      97";"     112";"     108";"       0";"       0";"       1";"    2177";"    1678";"     498";"       0";"      75";"      25";"    -132";"    1924";"     700";"      27";"   14036";"   13792";"     243";"       1";"   14856";"   14321";"     535"
"147";"2023KW03";"    5574";"    2354";"      94";"    7405";"    2765";"    1328";"    2252";"     815";"     246";"    6238";"    4784";"     279";"     219";"     628";"     134";"     190";"       3";"    7677";"    6245";"    1432";"       0";"     239";"      84";"   -2518";"    5574";"    2000";"     100";"   14036";"   13792";"     243";"       4";"   14856";"   14321";"     535"
"148";"2023MM10";"    2134";"     822";"      30";"    2248";"    1116";"     299";"     729";"      17";"      87";"    2085";"    1239";"     104";"     112";"     427";"       0";"     202";"       1";"    2562";"    2135";"     418";"       9";"     104";"      24";"    -361";"    2134";"     493";"      36";"   14397";"   14223";"     174";"       2";"   14856";"   14321";"     535"
"149";"2023MM11";"    2868";"     821";"      27";"    2184";"     926";"     335";"     806";"      38";"      80";"    2120";"    1322";"     197";"     116";"     111";"     145";"     226";"       3";"    2784";"    2338";"     434";"      12";"      71";"      24";"     595";"    2868";"     493";"      41";"   13802";"   13502";"     300";"       1";"   14872";"   14321";"     551"
"150";"2023MM12";"    3369";"     835";"      29";"    1854";"     825";"     387";"     522";"      41";"      80";"    2012";"    1312";"     191";"     112";"      96";"       0";"     203";"      98";"    3080";"    2674";"     406";"       0";"      75";"      31";"    1825";"    3369";"     608";"      44";"   11977";"   11703";"     275";"       2";"   14872";"   14321";"     551"
"151";"2023KW04";"    8372";"    2478";"      86";"    6287";"    2867";"    1021";"    2057";"      95";"     247";"    6218";"    3872";"     492";"     340";"     635";"     145";"     631";"     102";"    8426";"    7147";"    1258";"      21";"     250";"      79";"    2058";"    8372";"    1594";"     121";"   11977";"   11703";"     275";"       4";"   14872";"   14321";"     551"
"152";"2023JJ00";"   29701";"   11206";"     356";"   30824";"   10974";"    5972";"   10468";"    2399";"    1010";"   24756";"   17547";"    1365";"    1145";"    2472";"     833";"    1243";"     151";"   35472";"   29320";"    6096";"      55";"     785";"     273";"    -912";"   29701";"    7166";"     467";"   11977";"   11703";"     275";"      20";"   14872";"   14321";"     551"
"153";"2024MM01";"    4126";"     902";"      31";"    1945";"     836";"     786";"     202";"      42";"      79";"    1795";"    1305";"      89";"     105";"      98";"       0";"     199";"       0";"    2841";"    2195";"     645";"       1";"      99";"      37";"    2430";"    4126";"     761";"      45";"    9547";"    9350";"     197";"       1";"   14872";"   14321";"     551"
"154";"2024MM02";"    2997";"     794";"      27";"    1646";"     769";"     276";"     482";"      43";"      76";"    1847";"    1501";"     104";"     124";"       0";"       0";"     118";"       0";"    2382";"    1979";"     397";"       6";"      75";"      54";"    1193";"    2997";"     521";"      41";"    8354";"    8059";"     295";"       1";"   14872";"   14321";"     551"
"155";"2024MM03";"    2851";"     888";"      27";"    2238";"     979";"     303";"     838";"      41";"      78";"    1721";"    1107";"      91";"     108";"     312";"       0";"     102";"       1";"    2489";"    2080";"     388";"      21";"      61";"      33";"     560";"    2851";"     568";"      45";"    7793";"    7620";"     174";"       1";"   14872";"   14321";"     551"
"156";"2024KW01";"    9974";"    2584";"      86";"    5829";"    2583";"    1366";"    1523";"     126";"     232";"    5363";"    3912";"     285";"     336";"     410";"       0";"     419";"       1";"    7712";"    6255";"    1429";"      28";"     236";"     124";"    4184";"    9974";"    1850";"     131";"    7793";"    7620";"     174";"       3";"   14872";"   14321";"     551"
"157";"2024MM04";"    2332";"     699";"      26";"    2313";"     864";"     461";"     739";"     191";"      58";"    2280";"    1945";"       0";"       0";"     187";"       0";"     149";"       0";"    2451";"    2063";"     388";"       0";"     110";"      62";"    -364";"    2332";"     414";"      33";"    8157";"    7915";"     242";"       1";"   15025";"   14475";"     551"
"158";"2024MM05";"    1870";"     771";"      27";"    2664";"    1017";"     357";"     814";"     384";"      91";"    1907";"    1497";"     195";"     115";"       0";"       0";"     100";"       1";"    1999";"    1651";"     349";"       0";"     108";"      38";"   -1353";"    1870";"     457";"      39";"    9510";"    9251";"     260";"       1";"   15025";"   14475";"     551"
"159";"2024MM06";"    1765";"     678";"      31";"    2614";"    1331";"     182";"     631";"     412";"      57";"    1796";"    1366";"     208";"     114";"     108";"       0";"       0";"       1";"    2378";"    2021";"     356";"       0";"      76";"      38";"    -864";"    1765";"     461";"      33";"   10374";"    9934";"     440";"       1";"   15025";"   14475";"     551"
"160";"2024KW02";"    5968";"    2148";"      85";"    7591";"    3212";"    1000";"    2185";"     987";"     207";"    5983";"    4807";"     404";"     228";"     294";"       0";"     248";"       1";"    6828";"    5735";"    1092";"       0";"     294";"     138";"   -2581";"    5968";"    1333";"     105";"   10374";"    9934";"     440";"       4";"   15025";"   14475";"     551"
"161";"2024MM07";"    1708";"     793";"      32";"    3249";"    1071";"     588";"     992";"     507";"      92";"    1491";"     728";"      97";"     228";"       0";"       0";"     438";"       1";"    2273";"    1791";"     482";"       0";"      72";"      36";"   -1477";"    1708";"     505";"      37";"   11851";"   11646";"     206";"       2";"   15025";"   14475";"     551"
"162";"2024MM08";"    1664";"     834";"      33";"    2955";"    1115";"     643";"     566";"     549";"      82";"    1650";"     999";"     167";"     198";"      92";"       0";"     192";"       3";"    2112";"    1676";"     437";"       0";"      94";"      44";"   -1557";"    1664";"     517";"      38";"   13408";"   13126";"     283";"       1";"   15025";"   14475";"     551"
"163";"2024MM09";"    1798";"     622";"      31";"    1988";"     908";"     223";"     503";"     272";"      82";"    1625";"    1037";"     105";"     250";"       0";"       0";"     224";"       9";"    2123";"    1773";"     349";"       0";"      68";"      39";"    -240";"    1798";"     492";"      28";"   13648";"   13465";"     183";"       1";"   15025";"   14475";"     551"
"164";"2024KW03";"    5170";"    2249";"      96";"    8192";"    3094";"    1454";"    2060";"    1328";"     256";"    4766";"    2764";"     368";"     676";"      92";"       0";"     854";"      12";"    6508";"    5240";"    1268";"       0";"     234";"     118";"   -3274";"    5170";"    1515";"     103";"   13648";"   13465";"     183";"       4";"   15025";"   14475";"     551"
"165";"2024MM10";"    2246";"     837";"      33";"    1798";"     786";"     311";"     631";"      39";"      32";"    1608";"    1175";"       0";"     232";"       0";"       0";"     199";"       2";"    2362";"    2079";"     268";"      14";"      84";"      46";"     462";"    2246";"     544";"      42";"   13186";"   12927";"     259";"       1";"   15025";"   14475";"     551"
"166";"2024MM11";"    3288";"     825";"      31";"    1262";"     721";"     256";"     188";"      44";"      53";"    1727";"     904";"     188";"     221";"     102";"       0";"     308";"       3";"    2770";"    2498";"     267";"       5";"     105";"      55";"    2374";"    3288";"     864";"      40";"   10812";"   10583";"     229";"       1";"   15025";"   14475";"     551"
"167";"2024MM12";"    3463";"     840";"      34";"    1433";"     695";"     427";"     160";"      57";"      95";"    1652";"     887";"     113";"     264";"     125";"       0";"     262";"       1";"    2905";"    2609";"     293";"       3";"      75";"      36";"    2520";"    3463";"     617";"      46";"    8292";"    8156";"     136";"       1";"   15025";"   14475";"     551"
"168";"2024KW04";"    8997";"    2502";"      98";"    4494";"    2202";"     993";"     979";"     140";"     180";"    4986";"    2966";"     301";"     718";"     227";"       0";"     769";"       6";"    8037";"    7186";"     828";"      23";"     264";"     137";"    5355";"    8997";"    2025";"     129";"    8292";"    8156";"     136";"       3";"   15025";"   14475";"     551"
"169";"2024JJ00";"   30109";"    9483";"     366";"   26106";"   11092";"    4813";"    6746";"    2580";"     875";"   21098";"   14449";"    1358";"    1959";"    1023";"       0";"    2290";"      19";"   29084";"   24416";"    4617";"      51";"    1027";"     517";"    3685";"   30109";"    6723";"     468";"    8292";"    8156";"     136";"      14";"   15025";"   14475";"     551"
"170";"2025MM01";"    4062";"     788";"      33";"    2020";"     686";"    1004";"     198";"      50";"      81";"    1676";"    1006";"     100";"     236";"     334";"       0";"       0";"       0";"    2917";"    2361";"     410";"     145";"     109";"      71";"    2643";"    4062";"     815";"      43";"    5650";"    5461";"     188";"       1";"   15025";"   14475";"     551"
"171";"2025MM02";"    3553";"     713";"      29";"    2267";"     633";"     776";"     723";"      42";"      93";"    1620";"     916";"       0";"     241";"     463";"       0";"       0";"       0";"    2481";"    2159";"     278";"      44";"      81";"      36";"    1523";"    3553";"     752";"      41";"    4127";"    3912";"     215";"       1";"   15025";"   14475";"     551"
"172";"2025MM03";"    2816";"     844";"      33";"    1896";"     729";"     176";"     820";"      44";"     127";"    2036";"    1416";"       3";"     256";"     122";"       0";"     239";"       0";"    2680";"    2377";"     300";"       2";"      63";"      29";"     779";"    2816";"     609";"      42";"    3348";"    3108";"     241";"       1";"   15025";"   14475";"     551"
"173";"2025KW01";"";"";"";"";"";"";"";"";"";"       .";"       .";"       .";"       .";"       .";"       .";"       .";"       .";"";"";"";"";"";"";"";"";"";"";"";"";"";"";"";"";""
"174";"2025MM04";"    2065";"     784";"      31";"    2518";"     930";"     208";"     864";"     369";"     148";"    2264";"    1841";"      90";"     114";"     111";"       0";"     109";"       0";"    2668";"    2453";"     216";"       0";"     107";"      46";"    -711";"    2065";"     532";"      37";"    4059";"    3739";"     320";"       1";"   15025";"   14474";"     551"
"175";"2025MM05";"    1738";"     662";"      37";"    3003";"     954";"     480";"     978";"     466";"     124";"    2396";"    1727";"       0";"     231";"     109";"       0";"     328";"       1";"    2769";"    2550";"     219";"       0";"      87";"      59";"   -1445";"    1738";"     430";"      26";"    5504";"    5330";"     175";"       1";"   15025";"   14474";"     551"
"176";"2025MM06";"    1503";"     718";"      33";"    2827";"     690";"     213";"    1323";"     450";"     151";"    2613";"    2043";"       0";"     237";"     113";"       0";"     219";"       1";"    2679";"    2463";"     216";"       0";"     107";"      45";"   -1857";"    1503";"     382";"      31";"    7361";"    7097";"     264";"       1";"   15025";"   14474";"     551"
"177";"2025KW02";"";"";"";"";"";"";"";"";"";"       .";"       .";"       .";"       .";"       .";"       .";"       .";"       .";"";"";"";"";"";"";"";"";"";"";"";"";"";"";"";"";""
"178";"2025MM07";"    1730";"     775";"      35";"    3153";"    1101";"      66";"    1243";"     617";"     125";"    2548";"    2209";"       0";"     110";"     115";"       0";"     114";"       1";"    3112";"    2785";"     326";"       0";"     141";"      64";"   -1465";"    1730";"     630";"      31";"    8826";"    8548";"     278";"      15";"   15025";"   14474";"     551"
"179";"2025MM08";"    1748";"     781";"      34";"    2216";"     625";"      90";"     984";"     391";"     125";"    2398";"    1791";"     141";"     229";"     122";"       0";"     114";"       1";"    2489";"    2266";"     223";"       0";"     114";"      66";"   -1012";"    1748";"     648";"      33";"    9837";"    9557";"     280";"       1";"   15025";"   14474";"     551"
"180";"2025MM09";"    1770";"     580";"      31";"    1971";"     711";"     275";"     578";"     290";"     117";"    2582";"    2023";"     202";"     232";"     118";"       0";"       0";"       7";"    2426";"    2137";"     289";"       0";"     118";"      77";"    -772";"    1770";"     513";"      27";"   10609";"   10309";"     300";"       1";"   15025";"   14474";"     551"
"181";"2025KW03";"";"";"";"";"";"";"";"";"";"       .";"       .";"       .";"       .";"       .";"       .";"       .";"       .";"";"";"";"";"";"";"";"";"";"";"";"";"";"";"";"";""
"182";"2025MM10";"    2383";"     728";"      32";"    2010";"     675";"     357";"     830";"      28";"     120";"    2522";"    1906";"     180";"     112";"     220";"       0";"     104";"       1";"    2370";"    2080";"     271";"      19";"     110";"      69";"    -359";"    2383";"     686";"      32";"   10969";"   10656";"     313";"       1";"   15031";"   14480";"     551"
"183";"2025MM11";"    3029";"     747";"      32";"    1684";"     539";"     377";"     603";"      38";"     127";"    2066";"    1470";"     218";"     130";"     247";"       0";"       0";"       0";"    2582";"    2406";"     172";"       5";"      99";"      54";"    1236";"    3029";"     783";"      35";"    9733";"    9498";"     235";"       1";"   15031";"   14480";"     551"
"184";"2025MM12";"    3633";"     718";"      33";"    1529";"     587";"     711";"      68";"      40";"     123";"    1935";"    1563";"       0";"     246";"     124";"       0";"       0";"       3";"    2839";"    2471";"     361";"       6";"     106";"      41";"    2403";"    3633";"     911";"      36";"    7330";"    7098";"     232";"       1";"   15031";"   14480";"     551"
"185";"2025KW04";"";"";"";"";"";"";"";"";"";"       .";"       .";"       .";"       .";"       .";"       .";"       .";"       .";"";"";"";"";"";"";"";"";"";"";"";"";"";"";"";"";""
"186";"2025JJ00";"";"";"";"";"";"";"";"";"";"       .";"       .";"       .";"       .";"       .";"       .";"       .";"       .";"";"";"";"";"";"";"";"";"";"";"";"";"";"";"";"";""
"187";"2026MM01";"    4469";"     757";"      32";"    1512";"     346";"    1028";"       7";"      50";"      81";"    1822";"    1253";"     112";"     239";"       0";"       0";"     211";"       6";"    2868";"    2473";"     364";"      31";"     158";"      72";"    3445";"    4469";"    1101";"      43";"    3885";"    3691";"     194";"       1";"   15031";"   14480";"     551"
"188";"2026MM02";"    3344";"     620";"      29";"    1611";"     456";"     536";"     477";"      50";"      93";"    1833";"    1261";"     113";"     240";"       0";"       0";"     213";"       6";"    2647";"    2462";"     181";"       4";"     102";"      36";"    2037";"    3344";"     719";"      39";"    1848";"    1543";"     305";"       1";"   15031";"   14480";"     551"
